Tm,W,L,T,W-L,PF,PA,PD,MoV,SoS,SRS,OSRS,DSRS,Year
ARI,4,13,0,0.235,330,455,-125,-7.4,1.9,-5.4,-1.8,-3.7,2023
ARI,4,13,0,0.235,340,449,-109,-6.4,0.2,-6.2,-1.9,-4.3,2022
ARI,11,6,0,0.647,449,366,83,4.9,0.3,5.2,3.6,1.6,2021
ARI,8,8,0,0.5,410,367,43,2.7,-0.1,2.6,1.5,1,2020
ARI,5,10,1,0.344,361,442,-81,-5.1,1.8,-3.2,-0.3,-2.9,2019
ARI,3,13,0,0.188,225,425,-200,-12.5,1,-11.5,-9.6,-1.9,2018
ARI,8,8,0,0.5,295,361,-66,-4.1,0.4,-3.7,-4,0.2,2017
ARI,7,8,1,0.469,418,362,56,3.5,-1.9,1.6,2.4,-0.8,2016
ARI,13,3,0,0.813,489,313,176,11,1.3,12.3,9,3.4,2015
ARI,11,5,0,0.688,310,299,11,0.7,1.3,2,-2.4,4.4,2014
ARI,10,6,0,0.625,379,324,55,3.4,3,6.4,2.7,3.7,2013
ARI,5,11,0,0.313,250,357,-107,-6.7,3.5,-3.2,-4.8,1.6,2012
ARI,8,8,0,0.5,312,348,-36,-2.3,0,-2.2,-1.7,-0.5,2011
ARI,5,11,0,0.313,289,434,-145,-9.1,-3.6,-12.7,-5.6,-7.1,2010
ARI,10,6,0,0.625,375,325,50,3.1,-3.4,-0.3,0.1,-0.4,2009
ARI,9,7,0,0.563,427,426,1,0.1,-1.9,-1.9,4.1,-6,2008
ARI,8,8,0,0.5,404,399,5,0.3,-4.3,-3.9,1.9,-5.9,2007
ARI,5,11,0,0.313,314,389,-75,-4.7,-2.2,-6.9,-2.6,-4.3,2006
ARI,5,11,0,0.313,311,387,-76,-4.8,-0.2,-5,-2,-3,2005
ARI,6,10,0,0.375,284,322,-38,-2.4,-2.5,-4.9,-5.1,0.2,2004
ARI,4,12,0,0.25,225,452,-227,-14.2,1.6,-12.6,-6.3,-6.2,2003
ARI,5,11,0,0.313,262,417,-155,-9.7,-0.2,-9.9,-5.4,-4.5,2002
ATL,7,10,0,0.412,321,373,-52,-3.1,-1.9,-5,-3.6,-1.4,2023
ATL,7,10,0,0.412,365,386,-21,-1.2,-0.9,-2.1,-0.1,-2,2022
ATL,7,10,0,0.412,313,459,-146,-8.6,0.1,-8.5,-4.2,-4.3,2021
ATL,4,12,0,0.25,396,414,-18,-1.1,1.9,0.7,-0.1,0.8,2020
ATL,7,9,0,0.438,381,399,-18,-1.1,1.1,-0.1,0.3,-0.4,2019
ATL,7,9,0,0.438,414,423,-9,-0.6,0.4,-0.1,2.5,-2.6,2018
ATL,10,6,0,0.625,353,315,38,2.4,1.9,4.3,1.1,3.2,2017
ATL,11,5,0,0.688,540,406,134,8.4,0.1,8.5,10.5,-2,2016
ATL,8,8,0,0.5,339,345,-6,-0.4,-3.4,-3.8,-4,0.3,2015
ATL,6,10,0,0.375,381,417,-36,-2.3,-1.6,-3.8,0.6,-4.4,2014
ATL,4,12,0,0.25,353,443,-90,-5.6,2.9,-2.8,1.2,-3.9,2013
ATL,13,3,0,0.813,419,299,120,7.5,-1.1,6.4,2,4.5,2012
ATL,10,6,0,0.625,402,350,52,3.3,0.3,3.5,1.8,1.7,2011
ATL,13,3,0,0.813,414,288,126,7.9,-1.8,6.1,3.8,2.2,2010
ATL,9,7,0,0.563,363,325,38,2.4,2.7,5,2.7,2.3,2009
ATL,11,5,0,0.688,391,325,66,4.1,-0.3,3.8,1.3,2.5,2008
ATL,4,12,0,0.25,259,414,-155,-9.7,-0.9,-10.6,-5.8,-4.8,2007
ATL,7,9,0,0.438,292,328,-36,-2.3,-0.8,-3,-2.8,-0.2,2006
ATL,8,8,0,0.5,351,341,10,0.6,-1.9,-1.2,1.1,-2.3,2005
ATL,11,5,0,0.688,340,337,3,0.2,-2.4,-2.2,-1.8,-0.4,2004
ATL,5,11,0,0.313,299,422,-123,-7.7,0.3,-7.4,-2,-5.4,2003
ATL,9,6,1,0.594,402,314,88,5.5,-0.4,5.1,3.5,1.5,2002
BAL,13,4,0,0.765,483,280,203,11.9,1.2,13.2,6.7,6.5,2023
BAL,10,7,0,0.588,350,315,35,2.1,1.1,3.1,-0.2,3.4,2022
BAL,8,9,0,0.471,387,392,-5,-0.3,0,-0.3,-0.3,0,2021
BAL,11,5,0,0.688,468,303,165,10.3,-2,8.3,3.9,4.3,2020
BAL,14,2,0,0.875,531,282,249,15.6,0.1,15.6,11,4.7,2019
BAL,10,6,0,0.625,389,287,102,6.4,0.6,7,0.6,6.4,2018
BAL,9,7,0,0.563,395,303,92,5.8,-2.4,3.4,2.2,1.2,2017
BAL,8,8,0,0.5,343,321,22,1.4,0.2,1.5,-1.1,2.6,2016
BAL,5,11,0,0.313,328,401,-73,-4.6,2.6,-1.9,-0.7,-1.2,2015
BAL,10,6,0,0.625,409,302,107,6.7,-2.1,4.6,1.8,2.8,2014
BAL,8,8,0,0.5,320,352,-32,-2,-1.5,-3.5,-5,1.4,2013
BAL,10,6,0,0.625,398,344,54,3.4,-0.5,2.9,1.9,1,2012
BAL,12,4,0,0.75,378,266,112,7,-0.9,6.1,2.6,3.5,2011
BAL,12,4,0,0.75,357,270,87,5.4,1,6.4,0.9,5.5,2010
BAL,9,7,0,0.563,391,261,130,8.1,-0.7,7.5,2.6,4.9,2009
BAL,11,5,0,0.688,385,244,141,8.8,1,9.8,4.2,5.6,2008
BAL,5,11,0,0.313,275,384,-109,-6.8,0.1,-6.7,-5,-1.8,2007
BAL,13,3,0,0.813,353,201,152,9.5,-0.2,9.3,1.5,7.8,2006
BAL,6,10,0,0.375,265,299,-34,-2.1,0.3,-1.8,-3.5,1.7,2005
BAL,9,7,0,0.563,317,268,49,3.1,3.1,6.1,-0.6,6.8,2004
BAL,10,6,0,0.625,391,281,110,6.9,-0.6,6.3,3.3,3,2003
BAL,7,9,0,0.438,316,354,-38,-2.4,0.3,-2.1,-1.5,-0.6,2002
BUF,11,6,0,0.647,451,311,140,8.2,-1.8,6.5,4.1,2.3,2023
BUF,13,3,0,0.813,455,286,169,10.6,0.4,10.9,7.1,3.8,2022
BUF,11,6,0,0.647,483,289,194,11.4,-1.6,9.8,5,4.8,2021
BUF,13,3,0,0.813,501,375,126,7.9,-0.2,7.7,7.1,0.6,2020
BUF,10,6,0,0.625,314,259,55,3.4,-1.3,2.2,-3.5,5.7,2019
BUF,6,10,0,0.375,269,374,-105,-6.6,-0.3,-6.9,-6.3,-0.6,2018
BUF,9,7,0,0.563,302,359,-57,-3.6,-0.5,-4,-3,-1,2017
BUF,7,9,0,0.438,399,378,21,1.3,-1.6,-0.3,1.8,-2.2,2016
BUF,8,8,0,0.5,379,359,20,1.3,-1.2,0,0.3,-0.2,2015
BUF,9,7,0,0.563,343,289,54,3.4,1.6,4.9,-0.4,5.3,2014
BUF,6,10,0,0.375,339,388,-49,-3.1,-0.1,-3.2,-1.3,-1.9,2013
BUF,6,10,0,0.375,344,435,-91,-5.7,-1,-6.7,-0.9,-5.8,2012
BUF,6,10,0,0.375,372,434,-62,-3.9,0.5,-3.4,1.2,-4.5,2011
BUF,4,12,0,0.25,283,425,-142,-8.9,4.3,-4.6,-1.5,-3.1,2010
BUF,6,10,0,0.375,258,326,-68,-4.3,2.4,-1.8,-4.5,2.7,2009
BUF,7,9,0,0.438,336,342,-6,-0.4,-3,-3.3,-2.8,-0.6,2008
BUF,7,9,0,0.438,252,354,-102,-6.4,2.3,-4.1,-5.6,1.5,2007
BUF,7,9,0,0.438,300,311,-11,-0.7,2.9,2.2,-0.2,2.4,2006
BUF,5,11,0,0.313,271,367,-96,-6,0.2,-5.8,-4,-1.8,2005
BUF,9,7,0,0.563,395,284,111,6.9,1.1,8.1,4.6,3.5,2004
BUF,6,10,0,0.375,243,279,-36,-2.3,1.3,-1,-5,4,2003
BUF,8,8,0,0.5,379,397,-18,-1.1,0.9,-0.3,2.1,-2.3,2002
CAR,2,15,0,0.118,236,416,-180,-10.6,0.7,-9.9,-7.9,-2,2023
CAR,7,10,0,0.412,347,374,-27,-1.6,-0.6,-2.2,-1.3,-0.9,2022
CAR,5,12,0,0.294,304,404,-100,-5.9,0.4,-5.5,-5,-0.5,2021
CAR,5,11,0,0.313,350,402,-52,-3.3,2.2,-1.1,-2.4,1.3,2020
CAR,5,11,0,0.313,340,470,-130,-8.1,1.1,-7,-1.9,-5.1,2019
CAR,7,9,0,0.438,376,382,-6,-0.4,1.3,0.9,0.1,0.8,2018
CAR,11,5,0,0.688,363,327,36,2.3,2.1,4.3,1.7,2.7,2017
CAR,6,10,0,0.375,369,402,-33,-2.1,1.1,-1,-0.2,-0.8,2016
CAR,15,1,0,0.938,500,308,192,12,-3.9,8.1,6,2.1,2015
CAR,7,8,1,0.469,339,374,-35,-2.2,-0.9,-3.1,-2.4,-0.7,2014
CAR,12,4,0,0.75,366,241,125,7.8,1.4,9.2,0.6,8.6,2013
CAR,7,9,0,0.438,357,363,-6,-0.4,1.2,0.8,-0.5,1.3,2012
CAR,6,10,0,0.375,406,429,-23,-1.4,0.1,-1.3,2.6,-3.9,2011
CAR,2,14,0,0.125,196,408,-212,-13.3,0.1,-13.2,-9.1,-4.1,2010
CAR,8,8,0,0.5,315,308,7,0.4,3.5,3.9,-0.6,4.5,2009
CAR,12,4,0,0.75,414,329,85,5.3,0.3,5.6,2.8,2.9,2008
CAR,7,9,0,0.438,267,347,-80,-5,-0.8,-5.8,-5.7,-0.1,2007
CAR,8,8,0,0.5,270,305,-35,-2.2,-0.5,-2.7,-4.2,1.5,2006
CAR,11,5,0,0.688,391,259,132,8.3,-3.2,5.1,3,2.1,2005
CAR,7,9,0,0.438,355,339,16,1,-1.7,-0.7,-0.8,0.1,2004
CAR,11,5,0,0.688,325,304,21,1.3,-2.2,-0.9,-1.5,0.6,2003
CAR,7,9,0,0.438,258,302,-44,-2.8,-0.5,-3.3,-6,2.8,2002
CHI,7,10,0,0.412,360,379,-19,-1.1,-0.9,-2,-1.2,-0.9,2023
CHI,3,14,0,0.176,326,463,-137,-8.1,1.6,-6.4,-2.5,-4,2022
CHI,6,11,0,0.353,311,407,-96,-5.6,0.5,-5.2,-4.9,-0.3,2021
CHI,8,8,0,0.5,372,370,2,0.1,0.1,0.2,-2.2,2.4,2020
CHI,8,8,0,0.5,280,298,-18,-1.1,0.2,-0.9,-5.4,4.5,2019
CHI,12,4,0,0.75,421,283,138,8.6,-2.3,6.3,1.5,4.8,2018
CHI,5,11,0,0.313,264,320,-56,-3.5,2.2,-1.3,-4.6,3.3,2017
CHI,3,13,0,0.188,279,399,-120,-7.5,0,-7.5,-5.2,-2.3,2016
CHI,6,10,0,0.375,335,397,-62,-3.9,2.6,-1.3,-0.1,-1.2,2015
CHI,5,11,0,0.313,319,442,-123,-7.7,1,-6.7,-2,-4.7,2014
CHI,8,8,0,0.5,445,478,-33,-2.1,-2.1,-4.1,3,-7.1,2013
CHI,10,6,0,0.625,375,277,98,6.1,0.8,6.9,1,6,2012
CHI,8,8,0,0.5,353,341,12,0.8,0.9,1.7,-1.5,3.1,2011
CHI,11,5,0,0.688,334,286,48,3,1.1,4.1,-0.6,4.7,2010
CHI,7,9,0,0.438,327,375,-48,-3,-0.9,-3.9,-1.9,-2,2009
CHI,9,7,0,0.563,375,350,25,1.6,0.5,2.1,1.1,1,2008
CHI,7,9,0,0.438,334,348,-14,-0.9,2.1,1.2,-0.2,1.4,2007
CHI,13,3,0,0.813,427,255,172,10.8,-2.9,7.9,4.9,3,2006
CHI,11,5,0,0.688,260,202,58,3.6,-2.2,1.4,-5.2,6.6,2005
CHI,5,11,0,0.313,231,331,-100,-6.3,-2,-8.2,-8.5,0.3,2004
CHI,7,9,0,0.438,283,346,-63,-3.9,0.4,-3.5,-4.2,0.7,2003
CHI,4,12,0,0.25,281,379,-98,-6.1,0.9,-5.3,-4.4,-0.9,2002
CIN,9,8,0,0.529,366,384,-18,-1.1,2.8,1.7,1.3,0.4,2023
CIN,12,4,0,0.75,418,322,96,6,0.9,6.9,5.5,1.4,2022
CIN,10,7,0,0.588,460,376,84,4.9,-1.9,3.1,3.4,-0.3,2021
CIN,4,11,1,0.281,311,424,-113,-7.1,-0.4,-7.5,-5.4,-2.1,2020
CIN,2,14,0,0.125,279,420,-141,-8.8,1.5,-7.3,-4.4,-2.9,2019
CIN,6,10,0,0.375,368,455,-87,-5.4,2,-3.4,0,-3.4,2018
CIN,7,9,0,0.438,290,349,-59,-3.7,-1.3,-5,-4.1,-0.9,2017
CIN,6,9,1,0.406,325,315,10,0.6,0.4,1,-1.5,2.5,2016
CIN,12,4,0,0.75,419,279,140,8.8,1.9,10.6,4.8,5.8,2015
CIN,10,5,1,0.656,365,344,21,1.3,-0.6,0.7,-0.5,1.3,2014
CIN,11,5,0,0.688,430,305,125,7.8,-2.5,5.4,2.3,3,2013
CIN,10,6,0,0.625,391,320,71,4.4,-2.4,2.1,1.2,0.9,2012
CIN,9,7,0,0.563,344,323,21,1.3,-0.9,0.5,0.7,-0.2,2011
CIN,4,12,0,0.25,322,395,-73,-4.6,3.1,-1.4,0.4,-1.9,2010
CIN,10,6,0,0.625,305,291,14,0.9,-0.2,0.7,-2.5,3.2,2009
CIN,4,11,1,0.281,204,364,-160,-10,3,-7,-6.9,-0.1,2008
CIN,7,9,0,0.438,380,385,-5,-0.3,-2.1,-2.4,1.6,-4,2007
CIN,8,8,0,0.5,373,331,42,2.6,1.5,4.1,4,0,2006
CIN,11,5,0,0.688,421,350,71,4.4,-0.6,3.8,6.5,-2.7,2005
CIN,8,8,0,0.5,374,372,2,0.1,2.5,2.7,4.3,-1.6,2004
CIN,8,8,0,0.5,346,384,-38,-2.4,0,-2.4,1.1,-3.5,2003
CIN,2,14,0,0.125,279,456,-177,-11.1,0.6,-10.5,-3.6,-6.9,2002
CLE,11,6,0,0.647,396,362,34,2,1.3,3.3,2.4,0.9,2023
CLE,7,10,0,0.412,361,381,-20,-1.2,1.1,-0.1,0.7,-0.9,2022
CLE,8,9,0,0.471,349,371,-22,-1.3,0,-1.3,-2.7,1.3,2021
CLE,11,5,0,0.688,408,419,-11,-0.7,-1.9,-2.6,0.3,-2.8,2020
CLE,6,10,0,0.375,335,393,-58,-3.6,1.7,-1.9,-0.4,-1.5,2019
CLE,7,8,1,0.469,359,392,-33,-2.1,1.7,-0.3,-1,0.6,2018
CLE,0,16,0,0,234,410,-176,-11,0,-11,-6.8,-4.1,2017
CLE,1,15,0,0.063,264,452,-188,-11.8,1.7,-10.1,-5.2,-4.9,2016
CLE,3,13,0,0.188,278,432,-154,-9.6,3.5,-6.1,-3.2,-2.9,2015
CLE,7,9,0,0.438,299,337,-38,-2.4,-1.5,-3.9,-4.8,0.9,2014
CLE,4,12,0,0.25,308,406,-98,-6.1,-1.6,-7.7,-4.8,-2.9,2013
CLE,5,11,0,0.313,302,368,-66,-4.1,-1.2,-5.3,-4.6,-0.7,2012
CLE,4,12,0,0.25,218,307,-89,-5.6,0.2,-5.4,-7.2,1.8,2011
CLE,5,11,0,0.313,271,332,-61,-3.8,2.3,-1.5,-3.4,2,2010
CLE,5,11,0,0.313,245,375,-130,-8.1,-0.3,-8.4,-6,-2.4,2009
CLE,4,12,0,0.25,232,350,-118,-7.4,2.7,-4.6,-5.2,0.6,2008
CLE,10,6,0,0.625,402,382,20,1.3,-2.3,-1.1,2.2,-3.3,2007
CLE,4,12,0,0.25,238,356,-118,-7.4,1.5,-5.8,-4.5,-1.3,2006
CLE,6,10,0,0.375,232,301,-69,-4.3,0.1,-4.2,-6,1.7,2005
CLE,4,12,0,0.25,276,390,-114,-7.1,3.7,-3.4,-1.5,-1.9,2004
CLE,5,11,0,0.313,254,322,-68,-4.3,1.3,-2.9,-5.3,2.4,2003
CLE,9,7,0,0.563,344,320,24,1.5,-0.3,1.2,-0.4,1.7,2002
DAL,12,5,0,0.706,509,315,194,11.4,-2.2,9.2,6.5,2.7,2023
DAL,12,5,0,0.706,467,342,125,7.4,-0.8,6.5,5.3,1.3,2022
DAL,12,5,0,0.706,530,358,172,10.1,-0.2,9.9,8.2,1.7,2021
DAL,6,10,0,0.375,395,473,-78,-4.9,-0.2,-5.1,1,-6.1,2020
DAL,8,8,0,0.5,434,321,113,7.1,-1.8,5.3,3.8,1.5,2019
DAL,10,6,0,0.625,339,324,15,0.9,0.2,1.1,-1.9,2.9,2018
DAL,9,7,0,0.563,354,332,22,1.4,0.2,1.6,0.4,1.2,2017
DAL,13,3,0,0.813,421,306,115,7.2,-0.2,7,4.1,2.9,2016
DAL,4,12,0,0.25,275,374,-99,-6.2,-0.7,-6.9,-7,0.1,2015
DAL,12,4,0,0.75,467,352,115,7.2,-1.8,5.4,5.3,0.1,2014
DAL,8,8,0,0.5,439,432,7,0.4,-1.1,-0.7,2.7,-3.4,2013
DAL,8,8,0,0.5,376,400,-24,-1.5,1.8,0.3,1.4,-1.2,2012
DAL,8,8,0,0.5,369,347,22,1.4,0.3,1.6,0.7,0.9,2011
DAL,6,10,0,0.375,394,436,-42,-2.6,0.5,-2.2,2.5,-4.7,2010
DAL,11,5,0,0.688,361,250,111,6.9,0.2,7.1,0.4,6.7,2009
DAL,9,7,0,0.563,362,365,-3,-0.2,0.8,0.6,1.7,-1.2,2008
DAL,13,3,0,0.813,455,325,130,8.1,1.3,9.5,7.8,1.7,2007
DAL,9,7,0,0.563,425,350,75,4.7,-1,3.7,5,-1.3,2006
DAL,9,7,0,0.563,325,308,17,1.1,2.1,3.2,-0.1,3.2,2005
DAL,6,10,0,0.375,293,405,-112,-7,-0.8,-7.8,-3,-4.8,2004
DAL,10,6,0,0.625,289,260,29,1.8,-2.3,-0.5,-3.2,2.7,2003
DAL,5,11,0,0.313,217,329,-112,-7,-1.5,-8.5,-8.2,-0.3,2002
DEN,8,9,0,0.471,357,413,-56,-3.3,-0.5,-3.8,-0.8,-3,2023
DEN,5,12,0,0.294,287,359,-72,-4.2,-0.7,-5,-5.6,0.6,2022
DEN,7,10,0,0.412,335,322,13,0.8,-1.3,-0.5,-4.7,4.2,2021
DEN,5,11,0,0.313,323,446,-123,-7.7,1.7,-6,-4.3,-1.7,2020
DEN,7,9,0,0.438,282,316,-34,-2.1,0,-2.1,-4.8,2.7,2019
DEN,6,10,0,0.375,329,349,-20,-1.3,0.7,-0.5,-3.6,3.1,2018
DEN,5,11,0,0.313,289,382,-93,-5.8,-0.9,-6.7,-3.9,-2.9,2017
DEN,9,7,0,0.563,333,297,36,2.3,1.8,4,-2,6.1,2016
DEN,12,4,0,0.75,355,296,59,3.7,2.1,5.8,0.3,5.5,2015
DEN,12,4,0,0.75,482,354,128,8,1.6,9.6,9.2,0.4,2014
DEN,13,3,0,0.813,606,399,207,12.9,-1.6,11.4,14.1,-2.7,2013
DEN,13,3,0,0.813,481,289,192,12,-1.9,10.1,6.3,3.8,2012
DEN,8,8,0,0.5,309,390,-81,-5.1,-0.2,-5.3,-3.6,-1.7,2011
DEN,4,12,0,0.25,344,471,-127,-7.9,-1,-8.9,-1.1,-7.8,2010
DEN,8,8,0,0.5,326,324,2,0.1,0.2,0.3,-1,1.3,2009
DEN,8,8,0,0.5,370,448,-78,-4.9,-0.9,-5.8,0.7,-6.5,2008
DEN,7,9,0,0.438,320,409,-89,-5.6,1.6,-3.9,-0.2,-3.8,2007
DEN,9,7,0,0.563,319,305,14,0.9,0.4,1.3,-0.8,2.1,2006
DEN,13,3,0,0.813,395,258,137,8.6,2.2,10.8,5,5.8,2005
DEN,10,6,0,0.625,381,304,77,4.8,1,5.9,1.6,4.3,2004
DEN,10,6,0,0.625,381,301,80,5,0.5,5.5,2.4,3.1,2003
DEN,9,7,0,0.563,392,344,48,3,1.9,4.9,3,1.9,2002
DET,12,5,0,0.706,461,395,66,3.9,0.4,4.3,6,-1.8,2023
DET,9,8,0,0.529,453,427,26,1.5,0.7,2.2,4.7,-2.4,2022
DET,3,13,1,0.206,325,467,-142,-8.4,0.6,-7.8,-3.5,-4.3,2021
DET,5,11,0,0.313,377,519,-142,-8.9,1.2,-7.7,-1,-6.7,2020
DET,3,12,1,0.219,341,423,-82,-5.1,-0.1,-5.2,-1.2,-4,2019
DET,6,10,0,0.375,324,360,-36,-2.3,-0.8,-3,-3.3,0.3,2018
DET,9,7,0,0.563,410,376,34,2.1,0.6,2.7,5.2,-2.5,2017
DET,9,7,0,0.563,346,358,-12,-0.8,-0.6,-1.4,-1.3,-0.1,2016
DET,7,9,0,0.438,358,400,-42,-2.6,2.4,-0.2,1,-1.3,2015
DET,11,5,0,0.688,321,282,39,2.4,-0.4,2.1,-3.2,5.2,2014
DET,7,9,0,0.438,395,376,19,1.2,-2.8,-1.6,-1.2,-0.5,2013
DET,4,12,0,0.25,372,437,-65,-4.1,1.8,-2.3,2.1,-4.4,2012
DET,10,6,0,0.625,474,387,87,5.4,0.6,6.1,6.9,-0.8,2011
DET,6,10,0,0.375,362,369,-7,-0.4,2.3,1.9,2.4,-0.5,2010
DET,2,14,0,0.125,262,494,-232,-14.5,0.1,-14.4,-5.2,-9.2,2009
DET,0,16,0,0,268,517,-249,-15.6,2.5,-13.1,-4,-9.1,2008
DET,7,9,0,0.438,346,444,-98,-6.1,2.6,-3.6,1.4,-5,2007
DET,3,13,0,0.188,305,398,-93,-5.8,-0.5,-6.4,-1.8,-4.6,2006
DET,5,11,0,0.313,254,345,-91,-5.7,-1,-6.7,-4.3,-2.4,2005
DET,6,10,0,0.375,296,350,-54,-3.4,-1.8,-5.2,-3.8,-1.4,2004
DET,5,11,0,0.313,270,379,-109,-6.8,1,-5.8,-4.3,-1.6,2003
DET,3,13,0,0.188,306,451,-145,-9.1,-0.1,-9.2,-2.5,-6.7,2002
GNB,9,8,0,0.529,383,350,33,1.9,-0.8,1.2,0.9,0.2,2023
GNB,8,9,0,0.471,370,371,-1,-0.1,0.4,0.3,-0.3,0.6,2022
GNB,13,4,0,0.765,450,371,79,4.6,-0.2,4.4,3.5,1,2021
GNB,13,3,0,0.813,509,369,140,8.8,-1.1,7.7,5.9,1.8,2020
GNB,13,3,0,0.813,376,313,63,3.9,-0.7,3.2,0.6,2.6,2019
GNB,6,9,1,0.406,376,400,-24,-1.5,-1.2,-2.7,0,-2.7,2018
GNB,7,9,0,0.438,320,384,-64,-4,2.1,-1.9,-0.3,-1.6,2017
GNB,10,6,0,0.625,432,388,44,2.8,0.1,2.8,4.9,-2,2016
GNB,10,6,0,0.625,368,323,45,2.8,2.5,5.3,2,3.3,2015
GNB,12,4,0,0.75,486,348,138,8.6,-0.3,8.3,7.9,0.4,2014
GNB,8,7,1,0.531,417,428,-11,-0.7,-2.4,-3.1,0.5,-3.6,2013
GNB,11,5,0,0.688,433,336,97,6.1,1.2,7.3,4.9,2.4,2012
GNB,15,1,0,0.938,560,359,201,12.6,-1.2,11.4,11.5,-0.1,2011
GNB,10,6,0,0.625,388,240,148,9.3,1.7,10.9,3.1,7.9,2010
GNB,11,5,0,0.688,461,297,164,10.3,-2.9,7.4,6.3,1.1,2009
GNB,6,10,0,0.375,419,380,39,2.4,0.5,2.9,4.1,-1.2,2008
GNB,13,3,0,0.813,435,291,144,9,0,9,5.7,3.3,2007
GNB,8,8,0,0.5,301,366,-65,-4.1,-0.4,-4.4,-2.3,-2.1,2006
GNB,4,12,0,0.25,298,344,-46,-2.9,-0.8,-3.7,-1.5,-2.2,2005
GNB,10,6,0,0.625,424,380,44,2.8,-2.4,0.3,4.3,-4,2004
GNB,10,6,0,0.625,442,307,135,8.4,-0.3,8.1,6.2,1.9,2003
GNB,12,4,0,0.75,398,328,70,4.4,-0.8,3.6,2.4,1.2,2002
HOU,10,7,0,0.588,377,353,24,1.4,-1,0.4,0.3,0.1,2023
HOU,3,13,1,0.206,289,420,-131,-7.7,-0.8,-8.5,-5.4,-3.1,2022
HOU,4,13,0,0.235,280,452,-172,-10.1,0.4,-9.7,-6.3,-3.4,2021
HOU,4,12,0,0.25,384,464,-80,-5,-0.5,-5.5,-1.4,-4.1,2020
HOU,10,6,0,0.625,378,385,-7,-0.4,1,0.5,1,-0.5,2019
HOU,11,5,0,0.688,402,316,86,5.4,-1.5,3.8,2.4,1.4,2018
HOU,4,12,0,0.25,338,436,-98,-6.1,-0.3,-6.4,-0.8,-5.6,2017
HOU,9,7,0,0.563,279,328,-49,-3.1,0.4,-2.6,-5.3,2.7,2016
HOU,9,7,0,0.563,339,313,26,1.6,-2.4,-0.8,-3.3,2.6,2015
HOU,9,7,0,0.563,372,307,65,4.1,-2.3,1.7,-0.8,2.5,2014
HOU,2,14,0,0.125,276,428,-152,-9.5,1.9,-7.6,-5,-2.6,2013
HOU,12,4,0,0.75,416,331,85,5.3,-1.8,3.5,1.8,1.7,2012
HOU,10,6,0,0.625,381,278,103,6.4,-1.9,4.5,1.4,3.2,2011
HOU,6,10,0,0.375,390,427,-37,-2.3,0.5,-1.8,1.8,-3.7,2010
HOU,9,7,0,0.563,388,333,55,3.4,-1.5,2,2.7,-0.7,2009
HOU,8,8,0,0.5,366,394,-28,-1.8,1.4,-0.4,2.8,-3.2,2008
HOU,8,8,0,0.5,379,384,-5,-0.3,0.3,0,2.5,-2.5,2007
HOU,6,10,0,0.375,267,366,-99,-6.2,1.7,-4.5,-3.2,-1.3,2006
HOU,2,14,0,0.125,260,431,-171,-10.7,0.7,-10,-4.4,-5.7,2005
HOU,7,9,0,0.438,309,339,-30,-1.9,1.2,-0.6,-2.4,1.8,2004
HOU,5,11,0,0.313,255,380,-125,-7.8,1.9,-6,-4.4,-1.5,2003
HOU,4,12,0,0.25,213,356,-143,-8.9,-0.5,-9.4,-8.4,-1.1,2002
IND,9,8,0,0.529,396,415,-19,-1.1,-0.2,-1.3,2.4,-3.8,2023
IND,4,12,1,0.265,289,427,-138,-8.1,-0.5,-8.6,-4.9,-3.7,2022
IND,9,8,0,0.529,451,365,86,5.1,-0.6,4.4,3.3,1.1,2021
IND,11,5,0,0.688,451,362,89,5.6,-2.8,2.8,1.2,1.6,2020
IND,7,9,0,0.438,361,373,-12,-0.8,-1.1,-1.8,-1,-0.8,2019
IND,10,6,0,0.625,433,344,89,5.6,-2.2,3.4,3.9,-0.6,2018
IND,4,12,0,0.25,263,404,-141,-8.8,-1.3,-10.1,-6.1,-4,2017
IND,8,8,0,0.5,411,392,19,1.2,-0.8,0.4,3.1,-2.7,2016
IND,8,8,0,0.5,333,408,-75,-4.7,-2,-6.7,-3.1,-3.6,2015
IND,11,5,0,0.688,458,369,89,5.6,-1.1,4.4,5.2,-0.8,2014
IND,11,5,0,0.688,391,336,55,3.4,0.6,4,1.7,2.3,2013
IND,11,5,0,0.688,357,387,-30,-1.9,-2.8,-4.7,-1.9,-2.8,2012
IND,2,14,0,0.125,243,430,-187,-11.7,0.4,-11.3,-6,-5.3,2011
IND,10,6,0,0.625,435,388,47,2.9,-0.1,2.9,3.7,-0.9,2010
IND,14,2,0,0.875,416,307,109,6.8,-0.9,5.9,4.4,1.5,2009
IND,12,4,0,0.75,377,298,79,4.9,1.6,6.5,2.6,3.9,2008
IND,13,3,0,0.813,450,262,188,11.8,0.3,12,6.6,5.4,2007
IND,12,4,0,0.75,427,360,67,4.2,1.7,5.9,6.9,-1.1,2006
IND,14,2,0,0.875,439,247,192,12,-1.2,10.8,5.6,5.2,2005
IND,12,4,0,0.75,522,351,171,10.7,0.7,11.4,11.7,-0.3,2004
IND,12,4,0,0.75,447,336,111,6.9,0,7,8.2,-1.2,2003
IND,10,6,0,0.625,349,313,36,2.3,-1.1,1.2,0.4,0.7,2002
JAX,9,8,0,0.529,377,371,6,0.4,1.1,1.4,1.3,0.1,2023
JAX,9,8,0,0.529,404,350,54,3.2,-1.4,1.8,1.6,0.2,2022
JAX,3,14,0,0.176,253,457,-204,-12,0.6,-11.4,-7.7,-3.7,2021
JAX,1,15,0,0.063,306,492,-186,-11.6,-0.1,-11.7,-6.5,-5.3,2020
JAX,6,10,0,0.375,300,397,-97,-6.1,-0.6,-6.7,-4.6,-2.1,2019
JAX,5,11,0,0.313,245,316,-71,-4.4,0.4,-4,-8.1,4,2018
JAX,10,6,0,0.625,417,268,149,9.3,-2.8,6.5,3,3.6,2017
JAX,3,13,0,0.188,318,400,-82,-5.1,0.2,-5,-2.7,-2.3,2016
JAX,5,11,0,0.313,376,448,-72,-4.5,-3,-7.5,-0.7,-6.9,2015
JAX,3,13,0,0.188,249,412,-163,-10.2,-0.3,-10.5,-7.8,-2.7,2014
JAX,4,12,0,0.25,247,449,-202,-12.6,1.5,-11.1,-7.1,-4,2013
JAX,2,14,0,0.125,255,444,-189,-11.8,-1.1,-13,-8.1,-4.9,2012
JAX,5,11,0,0.313,243,329,-86,-5.4,-0.3,-5.6,-7.1,1.4,2011
JAX,8,8,0,0.5,353,419,-66,-4.1,-0.4,-4.5,-1.2,-3.3,2010
JAX,7,9,0,0.438,290,380,-90,-5.6,-0.9,-6.5,-3.8,-2.6,2009
JAX,5,11,0,0.313,302,367,-65,-4.1,1.6,-2.5,-2.1,-0.4,2008
JAX,11,5,0,0.688,411,304,107,6.7,0.1,6.8,4.8,2,2007
JAX,8,8,0,0.5,371,274,97,6.1,1.4,7.5,2.6,4.9,2006
JAX,12,4,0,0.75,361,269,92,5.8,-1,4.8,1.1,3.7,2005
JAX,9,7,0,0.563,261,280,-19,-1.2,1.9,0.8,-5.7,6.4,2004
JAX,5,11,0,0.313,276,331,-55,-3.4,1,-2.4,-3.3,0.9,2003
JAX,6,10,0,0.375,328,315,13,0.8,-1,-0.2,-1.3,1.1,2002
KAN,11,6,0,0.647,371,294,77,4.5,-0.8,3.7,-0.6,4.4,2023
KAN,14,3,0,0.824,496,369,127,7.5,-1.2,6.2,6.8,-0.6,2022
KAN,12,5,0,0.706,480,364,116,6.8,0.6,7.4,5.4,2,2021
KAN,14,2,0,0.875,473,362,111,6.9,-0.1,6.8,4.5,2.3,2020
KAN,12,4,0,0.75,451,308,143,8.9,0.2,9.1,6.2,2.9,2019
KAN,12,4,0,0.75,565,421,144,9,-0.1,8.9,12.6,-3.8,2018
KAN,10,6,0,0.625,415,339,76,4.8,-1.3,3.4,3.8,-0.3,2017
KAN,12,4,0,0.75,389,311,78,4.9,0.7,5.6,1.2,4.4,2016
KAN,11,5,0,0.688,405,287,118,7.4,1.6,9,3.7,5.3,2015
KAN,9,7,0,0.563,353,281,72,4.5,1.2,5.7,0,5.7,2014
KAN,11,5,0,0.688,430,305,125,7.8,-1.7,6.1,1.7,4.3,2013
KAN,2,14,0,0.125,211,425,-214,-13.4,-0.6,-14,-10.3,-3.7,2012
KAN,7,9,0,0.438,212,338,-126,-7.9,-0.2,-8.1,-10.2,2.1,2011
KAN,10,6,0,0.625,366,326,40,2.5,-3.2,-0.7,-1.5,0.8,2010
KAN,4,12,0,0.25,294,424,-130,-8.1,-0.3,-8.4,-2.5,-5.9,2009
KAN,2,14,0,0.125,291,440,-149,-9.3,0.1,-9.2,-3.9,-5.3,2008
KAN,4,12,0,0.25,226,335,-109,-6.8,1.4,-5.5,-7.4,1.9,2007
KAN,9,7,0,0.563,331,315,16,1,0,1,0.4,0.6,2006
KAN,10,6,0,0.625,403,325,78,4.9,2.1,7,5.1,1.9,2005
KAN,7,9,0,0.438,483,435,48,3,2.3,5.3,10,-4.7,2004
KAN,13,3,0,0.813,484,332,152,9.5,-1.2,8.3,9.2,-0.9,2003
KAN,8,8,0,0.5,467,399,68,4.3,1.9,6.1,8.4,-2.3,2002
OAK,8,9,0,0.471,332,331,1,0.1,-0.9,-0.9,-2.4,1.6,2023
OAK,6,11,0,0.353,395,418,-23,-1.4,-1.1,-2.5,1.2,-3.7,2022
OAK,10,7,0,0.588,374,439,-65,-3.8,0.6,-3.3,-0.7,-2.6,2021
OAK,8,8,0,0.5,434,478,-44,-2.8,0.8,-2,2.9,-4.9,2020
OAK,7,9,0,0.438,313,419,-106,-6.6,-0.3,-6.9,-2.5,-4.4,2019
OAK,4,12,0,0.25,290,467,-177,-11.1,1.8,-9.3,-5.2,-4.1,2018
OAK,6,10,0,0.375,301,373,-72,-4.5,-0.2,-4.7,-3,-1.8,2017
OAK,12,4,0,0.75,416,385,31,1.9,1.3,3.3,3.5,-0.3,2016
OAK,7,9,0,0.438,359,399,-40,-2.5,2.3,-0.2,1.4,-1.6,2015
OAK,3,13,0,0.188,253,452,-199,-12.4,3.4,-9,-4.3,-4.7,2014
OAK,4,12,0,0.25,322,453,-131,-8.2,0.2,-8,-3.8,-4.2,2013
OAK,4,12,0,0.25,290,443,-153,-9.6,-1.3,-10.8,-4.6,-6.2,2012
OAK,8,8,0,0.5,359,433,-74,-4.6,-0.3,-4.9,0.2,-5.1,2011
OAK,8,8,0,0.5,410,371,39,2.4,-2.3,0.2,2.3,-2.2,2010
OAK,5,11,0,0.313,197,379,-182,-11.4,1.1,-10.3,-8.7,-1.6,2009
OAK,5,11,0,0.313,263,388,-125,-7.8,0.3,-7.5,-6.5,-1,2008
OAK,4,12,0,0.25,283,398,-115,-7.2,1.2,-6,-3.5,-2.5,2007
OAK,2,14,0,0.125,168,332,-164,-10.3,0.6,-9.6,-10.3,0.7,2006
OAK,4,12,0,0.25,290,383,-93,-5.8,3,-2.8,-1.2,-1.6,2005
OAK,5,11,0,0.313,320,442,-122,-7.6,3.4,-4.3,-0.6,-3.7,2004
OAK,4,12,0,0.25,270,379,-109,-6.8,1.3,-5.5,-4.2,-1.3,2003
OAK,11,5,0,0.688,450,304,146,9.1,1.5,10.6,6.3,4.3,2002
LAC,5,12,0,0.294,346,398,-52,-3.1,0.9,-2.2,-0.6,-1.6,2023
LAC,10,7,0,0.588,391,384,7,0.4,-1.3,-0.9,0.1,-1,2022
LAC,9,8,0,0.529,474,459,15,0.9,0.2,1.1,5.3,-4.2,2021
LAC,7,9,0,0.438,384,426,-42,-2.6,-0.3,-2.9,-1,-2,2020
LAC,5,11,0,0.313,337,345,-8,-0.5,-0.8,-1.3,-1.6,0.3,2019
LAC,12,4,0,0.75,428,329,99,6.2,-0.2,6,3,2.9,2018
LAC,9,7,0,0.563,355,272,83,5.2,-1.5,3.6,-0.3,4,2017
LAC,5,11,0,0.313,410,423,-13,-0.8,0.9,0.1,3,-3,2016
LAC,4,12,0,0.25,320,398,-78,-4.9,2.2,-2.6,-1.5,-1.1,2015
LAC,9,7,0,0.563,348,348,0,0,1.9,1.9,0.7,1.2,2014
LAC,9,7,0,0.563,396,348,48,3,-0.3,2.7,0.5,2.1,2013
LAC,7,9,0,0.438,350,350,0,0,-2.3,-2.3,-2,-0.4,2012
LAC,8,8,0,0.5,406,377,29,1.8,-0.9,0.9,2.7,-1.8,2011
LAC,9,7,0,0.563,441,322,119,7.4,-2.6,4.8,3.2,1.6,2010
LAC,13,3,0,0.813,454,320,134,8.4,-1.7,6.6,6.4,0.2,2009
LAC,8,8,0,0.5,439,347,92,5.8,-0.8,5,5,0,2008
LAC,11,5,0,0.688,412,284,128,8,0.8,8.8,4.3,4.5,2007
LAC,14,2,0,0.875,492,303,189,11.8,-1.6,10.2,10,0.2,2006
LAC,9,7,0,0.563,418,312,106,6.6,3.3,9.9,7.1,2.9,2005
LAC,12,4,0,0.75,446,313,133,8.3,0.8,9.1,6.1,3,2004
LAC,4,12,0,0.25,313,441,-128,-8,1.2,-6.8,-0.6,-6.2,2003
LAC,8,8,0,0.5,333,367,-34,-2.1,1.4,-0.7,-1,0.2,2002
LAR,10,7,0,0.588,404,377,27,1.6,1.4,3,2,1,2023
LAR,5,12,0,0.294,307,384,-77,-4.5,0.5,-4,-4.1,0,2022
LAR,12,5,0,0.706,460,372,88,5.2,0.1,5.3,4.2,1.1,2021
LAR,10,6,0,0.625,372,296,76,4.8,0.7,5.4,-0.8,6.2,2020
LAR,9,7,0,0.563,394,364,30,1.9,2,3.9,2.2,1.7,2019
LAR,13,3,0,0.813,527,384,143,8.9,-0.4,8.5,9.5,-1.1,2018
LAR,11,5,0,0.688,478,329,149,9.3,-0.2,9.2,8.2,1,2017
LAR,4,12,0,0.25,224,394,-170,-10.6,-0.5,-11.1,-9.5,-1.6,2016
LAR,7,9,0,0.438,280,330,-50,-3.1,3,-0.2,-3.8,3.6,2015
LAR,6,10,0,0.375,324,354,-30,-1.9,1,-0.8,-1.2,0.4,2014
LAR,7,9,0,0.438,348,364,-16,-1,3.2,2.2,0.4,1.8,2013
LAR,7,8,1,0.469,299,348,-49,-3.1,3.4,0.4,-2.1,2.4,2012
LAR,2,14,0,0.125,193,407,-214,-13.4,2.9,-10.4,-8.4,-2.1,2011
LAR,7,9,0,0.438,289,328,-39,-2.4,-4.2,-6.7,-6.3,-0.4,2010
LAR,1,15,0,0.063,175,436,-261,-16.3,-1.1,-17.4,-11.7,-5.8,2009
LAR,2,14,0,0.125,232,465,-233,-14.6,-0.5,-15.1,-8.1,-7,2008
LAR,3,13,0,0.188,263,438,-175,-10.9,-2,-13,-6.5,-6.5,2007
LAR,8,8,0,0.5,367,381,-14,-0.9,-3.1,-4,0.8,-4.7,2006
LAR,6,10,0,0.375,363,429,-66,-4.1,-1,-5.1,1.3,-6.4,2005
LAR,8,8,0,0.5,319,392,-73,-4.6,-1.4,-6,-2.2,-3.8,2004
LAR,12,4,0,0.75,447,328,119,7.4,-1.6,5.9,6,-0.2,2003
LAR,7,9,0,0.438,316,369,-53,-3.3,0,-3.3,-1.6,-1.8,2002
MIA,11,6,0,0.647,496,391,105,6.2,-1.8,4.4,7.6,-3.1,2023
MIA,9,8,0,0.529,397,399,-2,-0.1,2,1.8,2.7,-0.9,2022
MIA,9,8,0,0.529,341,373,-32,-1.9,-0.8,-2.7,-3.1,0.3,2021
MIA,10,6,0,0.625,404,338,66,4.1,-1.2,3,0.3,2.7,2020
MIA,5,11,0,0.313,306,494,-188,-11.8,0.2,-11.6,-2.4,-9.1,2019
MIA,7,9,0,0.438,319,433,-114,-7.1,-1.7,-8.8,-3.6,-5.2,2018
MIA,6,10,0,0.375,281,393,-112,-7,0.7,-6.3,-3.9,-2.4,2017
MIA,10,6,0,0.625,363,380,-17,-1.1,-1.3,-2.4,-0.6,-1.8,2016
MIA,6,10,0,0.375,310,389,-79,-4.9,-1.9,-6.8,-4.7,-2.2,2015
MIA,8,8,0,0.5,388,373,15,0.9,1.6,2.6,2.9,-0.4,2014
MIA,8,8,0,0.5,317,335,-18,-1.1,0.3,-0.8,-2.9,2.1,2013
MIA,7,9,0,0.438,288,317,-29,-1.8,-0.8,-2.6,-5.5,2.9,2012
MIA,6,10,0,0.375,329,313,16,1,-0.1,0.9,-2.2,3.2,2011
MIA,7,9,0,0.438,273,333,-60,-3.8,4.1,0.3,-2.8,3.1,2010
MIA,7,9,0,0.438,360,390,-30,-1.9,3.6,1.7,2.9,-1.2,2009
MIA,11,5,0,0.688,345,317,28,1.8,-2.3,-0.5,-2.4,1.8,2008
MIA,1,15,0,0.063,267,437,-170,-10.6,2.3,-8.4,-4.1,-4.2,2007
MIA,6,10,0,0.375,260,283,-23,-1.4,2.1,0.7,-3.3,4,2006
MIA,9,7,0,0.563,318,317,1,0.1,-0.8,-0.8,-1.1,0.3,2005
MIA,4,12,0,0.25,275,354,-79,-4.9,2.7,-2.2,-2.7,0.5,2004
MIA,10,6,0,0.625,311,261,50,3.1,0.3,3.4,-0.7,4.1,2003
MIA,9,7,0,0.563,378,301,77,4.8,1.2,6.1,1.7,4.4,2002
MIN,7,10,0,0.412,344,362,-18,-1.1,0.5,-0.6,-1.6,1,2023
MIN,13,4,0,0.765,424,427,-3,-0.2,0.1,-0.1,2.8,-2.9,2022
MIN,8,9,0,0.471,425,426,-1,-0.1,0.3,0.3,1.9,-1.6,2021
MIN,7,9,0,0.438,430,475,-45,-2.8,0.4,-2.4,1.3,-3.8,2020
MIN,10,6,0,0.625,407,303,104,6.5,-1.1,5.4,2.5,2.9,2019
MIN,8,7,1,0.531,360,341,19,1.2,-0.6,0.6,-1.2,1.8,2018
MIN,13,3,0,0.813,382,252,130,8.1,1,9.1,2.3,6.8,2017
MIN,8,8,0,0.5,327,307,20,1.3,-0.3,0.9,-2.6,3.6,2016
MIN,11,5,0,0.688,365,302,63,3.9,1.9,5.8,1.1,4.7,2015
MIN,7,9,0,0.438,325,343,-18,-1.1,-0.5,-1.7,-2.8,1.1,2014
MIN,5,10,1,0.344,391,480,-89,-5.6,-1.1,-6.6,0.2,-6.9,2013
MIN,10,6,0,0.625,379,348,31,1.9,1.4,3.4,1.6,1.8,2012
MIN,3,13,0,0.188,340,449,-109,-6.8,1.1,-5.7,-1.6,-4.1,2011
MIN,6,10,0,0.375,281,348,-67,-4.2,2.6,-1.6,-3.3,1.7,2010
MIN,12,4,0,0.75,470,312,158,9.9,-2.7,7.2,6.6,0.6,2009
MIN,10,6,0,0.625,379,333,46,2.9,1.2,4,1.1,2.9,2008
MIN,8,8,0,0.5,365,311,54,3.4,0.4,3.8,1.4,2.4,2007
MIN,6,10,0,0.375,282,327,-45,-2.8,-1.3,-4.1,-3.7,-0.4,2006
MIN,9,7,0,0.563,306,344,-38,-2.4,-1.1,-3.5,-1.4,-2.1,2005
MIN,8,8,0,0.5,405,395,10,0.6,-2.3,-1.7,3,-4.7,2004
MIN,9,7,0,0.563,416,353,63,3.9,-1,2.9,4,-1.1,2003
MIN,6,10,0,0.375,390,442,-52,-3.3,0.2,-3,3.1,-6.1,2002
NWE,4,13,0,0.235,236,366,-130,-7.6,-0.2,-7.9,-8.5,0.6,2023
NWE,8,9,0,0.471,364,347,17,1,1,2,-0.3,2.3,2022
NWE,10,7,0,0.588,462,303,159,9.4,-0.9,8.5,3.6,4.8,2021
NWE,7,9,0,0.438,326,353,-27,-1.7,0.7,-1,-4.2,3.2,2020
NWE,12,4,0,0.75,420,225,195,12.2,-1.8,10.4,2.8,7.6,2019
NWE,11,5,0,0.688,436,325,111,6.9,-1.8,5.2,3.1,2.1,2018
NWE,13,3,0,0.813,458,296,162,10.1,-1.2,8.9,6.3,2.6,2017
NWE,14,2,0,0.875,441,250,191,11.9,-2.7,9.3,4.3,5,2016
NWE,12,4,0,0.75,465,315,150,9.4,-2.4,7,5.3,1.7,2015
NWE,12,4,0,0.75,468,313,155,9.7,1.3,10.9,7.5,3.5,2014
NWE,12,4,0,0.75,444,338,106,6.6,-0.7,5.9,4.5,1.4,2013
NWE,12,4,0,0.75,557,331,226,14.1,-1.4,12.8,12.2,0.5,2012
NWE,13,3,0,0.813,513,342,171,10.7,-1.4,9.3,9.4,-0.1,2011
NWE,14,2,0,0.875,518,313,205,12.8,2.6,15.4,12.6,2.8,2010
NWE,10,6,0,0.625,427,285,142,8.9,2.3,11.2,6.7,4.5,2009
NWE,11,5,0,0.688,410,309,101,6.3,-2.4,3.9,2.3,1.6,2008
NWE,16,0,0,1,589,274,315,19.7,0.4,20.1,15.9,4.2,2007
NWE,12,4,0,0.75,385,237,148,9.3,1,10.2,4.3,5.9,2006
NWE,10,6,0,0.625,379,338,41,2.6,0.6,3.1,3.7,-0.5,2005
NWE,14,2,0,0.875,437,260,177,11.1,1.8,12.8,6.4,6.5,2004
NWE,14,2,0,0.875,348,238,110,6.9,0.1,6.9,2.1,4.9,2003
NWE,9,7,0,0.563,381,346,35,2.2,1.8,4,2.1,1.9,2002
NOR,9,8,0,0.529,402,327,75,4.4,-2.2,2.2,1.7,0.5,2023
NOR,7,10,0,0.412,330,345,-15,-0.9,-0.3,-1.2,-2.8,1.7,2022
NOR,9,8,0,0.529,364,335,29,1.7,0.3,2,-1.5,3.6,2021
NOR,12,4,0,0.75,482,337,145,9.1,0.5,9.6,5.1,4.5,2020
NOR,13,3,0,0.813,458,341,117,7.3,0,7.4,5,2.3,2019
NOR,13,3,0,0.813,504,353,151,9.4,0.6,10.1,7.9,2.2,2018
NOR,11,5,0,0.688,448,326,122,7.6,1.5,9.2,7,2.2,2017
NOR,7,9,0,0.438,469,454,15,0.9,0.6,1.5,6.8,-5.3,2016
NOR,7,9,0,0.438,408,476,-68,-4.3,-2.3,-6.6,1.1,-7.6,2015
NOR,7,9,0,0.438,401,424,-23,-1.4,-1.5,-2.9,1.9,-4.8,2014
NOR,11,5,0,0.688,414,304,110,6.9,1.9,8.8,3.8,5,2013
NOR,7,9,0,0.438,461,454,7,0.4,1,1.4,6.5,-5.1,2012
NOR,13,3,0,0.813,547,339,208,13,-1.6,11.4,10.6,0.8,2011
NOR,11,5,0,0.688,384,307,77,4.8,-2.5,2.3,1.5,0.8,2010
NOR,13,3,0,0.813,510,341,169,10.6,0.2,10.8,11.2,-0.5,2009
NOR,8,8,0,0.5,463,393,70,4.4,-0.3,4,6.8,-2.8,2008
NOR,7,9,0,0.438,379,388,-9,-0.6,-2,-2.5,1.9,-4.5,2007
NOR,10,6,0,0.625,413,322,91,5.7,-1.6,4,4.9,-0.9,2006
NOR,3,13,0,0.188,235,398,-163,-10.2,-0.9,-11.1,-6.2,-4.9,2005
NOR,8,8,0,0.5,348,405,-57,-3.6,-2,-5.6,-1.2,-4.3,2004
NOR,8,8,0,0.5,340,326,14,0.9,-1.1,-0.3,0.1,-0.4,2003
NOR,9,7,0,0.563,432,388,44,2.8,-0.3,2.4,5.8,-3.3,2002
NYG,6,11,0,0.353,266,407,-141,-8.3,0.4,-7.9,-6.9,-1,2023
NYG,9,7,1,0.559,365,371,-6,-0.4,0,-0.4,-0.8,0.4,2022
NYG,4,13,0,0.235,258,416,-158,-9.3,1,-8.3,-7.7,-0.6,2021
NYG,6,10,0,0.375,280,357,-77,-4.8,0.4,-4.4,-6.7,2.3,2020
NYG,4,12,0,0.25,341,451,-110,-6.9,-1,-7.9,-1.8,-6.1,2019
NYG,5,11,0,0.313,369,412,-43,-2.7,0.5,-2.2,0.8,-2.9,2018
NYG,3,13,0,0.188,246,388,-142,-8.9,1.3,-7.6,-6.4,-1.2,2017
NYG,11,5,0,0.688,310,284,26,1.6,0.5,2.1,-3.2,5.4,2016
NYG,6,10,0,0.375,420,442,-22,-1.4,-2.2,-3.6,2.5,-6.1,2015
NYG,6,10,0,0.375,380,400,-20,-1.3,-0.4,-1.7,0.8,-2.5,2014
NYG,7,9,0,0.438,294,383,-89,-5.6,0.2,-5.4,-6.2,0.8,2013
NYG,9,7,0,0.563,429,344,85,5.3,0.9,6.2,4,2.2,2012
NYG,9,7,0,0.563,394,400,-6,-0.4,2,1.6,3.1,-1.5,2011
NYG,10,6,0,0.625,394,347,47,2.9,-0.8,2.1,1.7,0.4,2010
NYG,8,8,0,0.5,402,427,-25,-1.6,1.6,0.1,4.6,-4.5,2009
NYG,12,4,0,0.75,427,294,133,8.3,0.1,8.4,5.5,2.8,2008
NYG,10,6,0,0.625,373,351,22,1.4,1.9,3.3,2.8,0.4,2007
NYG,8,8,0,0.5,355,362,-7,-0.4,0.5,0.1,1.2,-1.1,2006
NYG,11,5,0,0.688,422,314,108,6.8,0.7,7.5,5.8,1.7,2005
NYG,6,10,0,0.375,303,347,-44,-2.8,-1.2,-3.9,-2.3,-1.6,2004
NYG,4,12,0,0.25,243,387,-144,-9,0.4,-8.6,-4.8,-3.7,2003
NYG,10,6,0,0.625,320,279,41,2.6,-1.7,0.8,-2.2,3,2002
NYJ,7,10,0,0.412,268,355,-87,-5.1,-0.6,-5.8,-6.7,0.9,2023
NYJ,7,10,0,0.412,296,316,-20,-1.2,2,0.8,-4,4.8,2022
NYJ,4,13,0,0.235,310,504,-194,-11.4,1,-10.4,-3.6,-6.7,2021
NYJ,2,14,0,0.125,243,457,-214,-13.4,1.9,-11.5,-8.7,-2.8,2020
NYJ,7,9,0,0.438,276,359,-83,-5.2,-1.1,-6.3,-5.7,-0.6,2019
NYJ,4,12,0,0.25,333,441,-108,-6.8,-1.1,-7.8,-2,-5.9,2018
NYJ,5,11,0,0.313,298,382,-84,-5.3,0.3,-4.9,-2.9,-2.1,2017
NYJ,5,11,0,0.313,275,409,-134,-8.4,-0.1,-8.5,-5.5,-3,2016
NYJ,10,6,0,0.625,387,314,73,4.6,-3,1.5,-0.5,2,2015
NYJ,4,12,0,0.25,283,401,-118,-7.4,2.3,-5,-4,-1,2014
NYJ,8,8,0,0.5,290,387,-97,-6.1,0,-6.1,-4.7,-1.4,2013
NYJ,6,10,0,0.375,281,375,-94,-5.9,0,-5.9,-5.1,-0.9,2012
NYJ,8,8,0,0.5,377,363,14,0.9,0,0.9,1.2,-0.3,2011
NYJ,11,5,0,0.688,367,304,63,3.9,2.5,6.5,2.2,4.2,2010
NYJ,9,7,0,0.563,348,236,112,7,1.6,8.6,1.1,7.5,2009
NYJ,9,7,0,0.563,405,356,49,3.1,-2.8,0.2,2.2,-1.9,2008
NYJ,4,12,0,0.25,268,355,-87,-5.4,1.7,-3.7,-4,0.3,2007
NYJ,10,6,0,0.625,316,295,21,1.3,0.7,2,0.4,1.7,2006
NYJ,4,12,0,0.25,240,355,-115,-7.2,0.8,-6.4,-5.2,-1.2,2005
NYJ,10,6,0,0.625,333,261,72,4.5,2.1,6.6,0.5,6,2004
NYJ,6,10,0,0.375,283,299,-16,-1,0.4,-0.6,-1.9,1.3,2003
NYJ,9,7,0,0.563,359,336,23,1.4,1.7,3.2,0.9,2.3,2002
PHI,11,6,0,0.647,433,428,5,0.3,-0.4,-0.1,3.6,-3.7,2023
PHI,14,3,0,0.824,477,344,133,7.8,-1.3,6.5,5.8,0.7,2022
PHI,9,8,0,0.529,444,385,59,3.5,-1,2.5,2.6,-0.1,2021
PHI,4,11,1,0.281,334,418,-84,-5.3,0.8,-4.4,-2.8,-1.6,2020
PHI,9,7,0,0.563,385,354,31,1.9,-1.7,0.3,0.7,-0.4,2019
PHI,9,7,0,0.563,367,348,19,1.2,0.5,1.7,0,1.8,2018
PHI,13,3,0,0.813,457,295,162,10.1,-0.7,9.4,7,2.5,2017
PHI,7,9,0,0.438,367,331,36,2.3,1.6,3.8,1.3,2.5,2016
PHI,7,9,0,0.438,377,430,-53,-3.3,-1.3,-4.6,-0.6,-4,2015
PHI,10,6,0,0.625,474,400,74,4.6,-0.7,3.9,6.6,-2.7,2014
PHI,10,6,0,0.625,442,382,60,3.8,-1.9,1.9,2.3,-0.5,2013
PHI,4,12,0,0.25,280,444,-164,-10.3,1.4,-8.9,-5.3,-3.6,2012
PHI,8,8,0,0.5,396,328,68,4.3,0.5,4.7,3.1,1.7,2011
PHI,10,6,0,0.625,439,377,62,3.9,0.3,4.2,5.4,-1.2,2010
PHI,11,5,0,0.688,429,337,92,5.8,0.2,6,5.8,0.2,2009
PHI,9,6,1,0.594,416,289,127,7.9,-0.1,7.8,4.7,3.2,2008
PHI,8,8,0,0.5,336,300,36,2.3,3,5.3,0.1,5.1,2007
PHI,10,6,0,0.625,398,328,70,4.4,-1,3.4,3.2,0.2,2006
PHI,6,10,0,0.375,310,388,-78,-4.9,2.6,-2.3,-0.7,-1.7,2005
PHI,13,3,0,0.813,386,260,126,7.9,-2.3,5.6,2,3.5,2004
PHI,12,4,0,0.75,374,287,87,5.4,-1,4.4,2.9,1.5,2003
PHI,12,4,0,0.75,415,241,174,10.9,-2.6,8.3,4.5,3.8,2002
PIT,10,7,0,0.588,304,324,-20,-1.2,1.9,0.7,-3,3.7,2023
PIT,9,8,0,0.529,308,346,-38,-2.2,1.5,-0.8,-3,2.3,2022
PIT,9,7,1,0.559,343,398,-55,-3.2,0.8,-2.5,-2.6,0.1,2021
PIT,12,4,0,0.75,416,312,104,6.5,-1.8,4.7,0.3,4.4,2020
PIT,8,8,0,0.5,289,303,-14,-0.9,1.2,0.3,-4.3,4.6,2019
PIT,9,6,1,0.594,428,360,68,4.3,1.3,5.6,3.9,1.7,2018
PIT,13,3,0,0.813,406,308,98,6.1,-1.1,5,3.2,1.8,2017
PIT,11,5,0,0.688,399,327,72,4.5,0.2,4.7,2.8,2,2016
PIT,10,6,0,0.625,423,319,104,6.5,2.2,8.7,5.1,3.6,2015
PIT,11,5,0,0.688,436,368,68,4.3,-2,2.2,4.4,-2.1,2014
PIT,8,8,0,0.5,379,370,9,0.6,-2.5,-2,-0.9,-1,2013
PIT,8,8,0,0.5,336,314,22,1.4,-2,-0.7,-2.8,2.1,2012
PIT,12,4,0,0.75,325,227,98,6.1,-0.8,5.3,-0.8,6,2011
PIT,12,4,0,0.75,375,232,143,8.9,1.3,10.2,2.5,7.7,2010
PIT,9,7,0,0.563,368,324,44,2.8,-1.1,1.7,1,0.7,2009
PIT,12,4,0,0.75,347,223,124,7.8,2,9.8,1.6,8.2,2008
PIT,10,6,0,0.625,393,269,124,7.8,-2.5,5.2,0.9,4.3,2007
PIT,8,8,0,0.5,353,315,38,2.4,1,3.4,3,0.4,2006
PIT,11,5,0,0.688,389,258,131,8.2,-0.4,7.8,3.8,4,2005
PIT,15,1,0,0.938,372,251,121,7.6,1.4,9,3.4,5.6,2004
PIT,6,10,0,0.375,300,327,-27,-1.7,0.6,-1.1,-2.5,1.4,2003
PIT,10,5,1,0.656,390,345,45,2.8,-0.1,2.7,3.1,-0.4,2002
SFO,12,5,0,0.706,491,298,193,11.4,0.4,11.8,7.1,4.7,2023
SFO,13,4,0,0.765,450,277,173,10.2,-2.3,7.9,3.3,4.6,2022
SFO,10,7,0,0.588,427,365,62,3.6,0.1,3.8,1.8,1.9,2021
SFO,6,10,0,0.375,376,390,-14,-0.9,1.7,0.8,0.2,0.7,2020
SFO,13,3,0,0.813,479,310,169,10.6,0.4,11,6.7,4.3,2019
SFO,4,12,0,0.25,342,435,-93,-5.8,0.3,-5.5,-2.5,-3.1,2018
SFO,6,10,0,0.375,331,383,-52,-3.3,0.4,-2.9,-0.8,-2.1,2017
SFO,2,14,0,0.125,309,480,-171,-10.7,-0.5,-11.2,-3.7,-7.5,2016
SFO,5,11,0,0.313,238,387,-149,-9.3,3.8,-5.5,-6,0.5,2015
SFO,8,8,0,0.5,306,340,-34,-2.1,1.2,-1,-3,2.1,2014
SFO,12,4,0,0.75,406,272,134,8.4,1.8,10.1,3.5,6.6,2013
SFO,11,4,1,0.719,397,273,124,7.8,2.5,10.2,3.5,6.7,2012
SFO,13,3,0,0.813,380,229,151,9.4,-1.1,8.3,1.7,6.6,2011
SFO,6,10,0,0.375,305,346,-41,-2.6,-3.3,-5.8,-4.7,-1.1,2010
SFO,8,8,0,0.5,330,281,49,3.1,-3,0.1,-2.9,3,2009
SFO,7,9,0,0.438,339,381,-42,-2.6,-2.7,-5.3,-2.9,-2.4,2008
SFO,5,11,0,0.313,219,364,-145,-9.1,-2.9,-11.9,-9.9,-2,2007
SFO,7,9,0,0.438,298,412,-114,-7.1,-1.6,-8.7,-3.5,-5.2,2006
SFO,4,12,0,0.25,239,428,-189,-11.8,0.7,-11.1,-5.6,-5.5,2005
SFO,2,14,0,0.125,259,452,-193,-12.1,-1.6,-13.6,-5.1,-8.6,2004
SFO,7,9,0,0.438,384,337,47,2.9,0.1,3.1,3,0.1,2003
SFO,10,6,0,0.625,367,351,16,1,-0.4,0.6,0.7,-0.1,2002
SEA,9,8,0,0.529,364,402,-38,-2.2,1.3,-1,-0.2,-0.8,2023
SEA,9,8,0,0.529,407,401,6,0.4,-0.8,-0.5,1.9,-2.4,2022
SEA,7,10,0,0.412,395,366,29,1.7,0.2,1.9,0.4,1.5,2021
SEA,12,4,0,0.75,459,371,88,5.5,0,5.5,4.8,0.7,2020
SEA,11,5,0,0.688,405,398,7,0.4,2.3,2.7,2.9,-0.2,2019
SEA,10,6,0,0.625,428,347,81,5.1,-0.6,4.5,3,1.5,2018
SEA,9,7,0,0.563,366,332,34,2.1,-0.2,1.9,0.7,1.2,2017
SEA,10,5,1,0.656,354,292,62,3.9,-1.7,2.1,-2.4,4.5,2016
SEA,10,6,0,0.625,423,277,146,9.1,2.2,11.3,5.4,6,2015
SEA,12,4,0,0.75,394,254,140,8.8,0.8,9.5,2.4,7.1,2014
SEA,13,3,0,0.813,417,231,186,11.6,1.4,13,4.1,8.9,2013
SEA,11,5,0,0.688,412,245,167,10.4,1.8,12.2,4.5,7.7,2012
SEA,7,9,0,0.438,321,315,6,0.4,0.4,0.8,-0.5,1.3,2011
SEA,7,9,0,0.438,310,407,-97,-6.1,-3.4,-9.4,-3.9,-5.5,2010
SEA,5,11,0,0.313,280,390,-110,-6.9,-2.4,-9.3,-5,-4.4,2009
SEA,4,12,0,0.25,294,392,-98,-6.1,-1.5,-7.6,-4.9,-2.8,2008
SEA,10,6,0,0.625,393,291,102,6.4,-4.6,1.8,0.8,0.9,2007
SEA,9,7,0,0.563,335,341,-6,-0.4,-3.2,-3.6,-1.7,-1.9,2006
SEA,13,3,0,0.813,452,271,181,11.3,-2.2,9.1,5.8,3.4,2005
SEA,9,7,0,0.563,371,373,-2,-0.1,-2.8,-2.9,0.4,-3.3,2004
SEA,10,6,0,0.625,404,327,77,4.8,-0.7,4.1,3.6,0.5,2003
SEA,7,9,0,0.438,355,369,-14,-0.9,-0.4,-1.3,0,-1.2,2002
TAM,9,8,0,0.529,348,325,23,1.4,-0.3,1.1,-1.6,2.7,2023
TAM,8,9,0,0.471,313,358,-45,-2.6,0.4,-2.3,-3.3,1.1,2022
TAM,13,4,0,0.765,511,353,158,9.3,-0.7,8.6,7.3,1.3,2021
TAM,11,5,0,0.688,492,355,137,8.6,0.8,9.4,6.5,2.8,2020
TAM,7,9,0,0.438,458,449,9,0.6,-0.2,0.4,4.9,-4.5,2019
TAM,5,11,0,0.313,396,464,-68,-4.3,1.7,-2.6,2,-4.6,2018
TAM,5,11,0,0.313,335,382,-47,-2.9,1.7,-1.3,0.4,-1.7,2017
TAM,9,7,0,0.563,354,369,-15,-0.9,0.7,-0.2,-1.5,1.3,2016
TAM,6,10,0,0.375,342,417,-75,-4.7,-3,-7.7,-3.5,-4.2,2015
TAM,2,14,0,0.125,277,410,-133,-8.3,-1.5,-9.8,-6.5,-3.3,2014
TAM,4,12,0,0.25,288,389,-101,-6.3,3.6,-2.7,-2.9,0.3,2013
TAM,7,9,0,0.438,389,394,-5,-0.3,0.3,0,1.3,-1.3,2012
TAM,4,12,0,0.25,287,494,-207,-12.9,2.3,-10.6,-4,-6.6,2011
TAM,10,6,0,0.625,341,318,23,1.4,-2,-0.6,-1,0.4,2010
TAM,3,13,0,0.188,244,400,-156,-9.8,4.1,-5.6,-4.6,-1.1,2009
TAM,9,7,0,0.563,361,323,38,2.4,-0.1,2.3,-0.6,2.9,2008
TAM,9,7,0,0.563,334,270,64,4,-2.8,1.2,-2.3,3.6,2007
TAM,4,12,0,0.25,211,353,-142,-8.9,0.9,-7.9,-7.2,-0.8,2006
TAM,11,5,0,0.688,300,274,26,1.6,-2.6,-1,-2.8,1.8,2005
TAM,5,11,0,0.313,301,304,-3,-0.2,-2.5,-2.7,-4,1.3,2004
TAM,7,9,0,0.438,301,264,37,2.3,-0.7,1.6,-2.9,4.5,2003
TAM,12,4,0,0.75,346,196,150,9.4,-0.6,8.8,-1,9.8,2002
TEN,6,11,0,0.353,305,367,-62,-3.6,0.4,-3.2,-4,0.7,2023
TEN,7,10,0,0.412,298,359,-61,-3.6,0,-3.6,-4.7,1.1,2022
TEN,12,5,0,0.706,419,354,65,3.8,-0.4,3.4,1.8,1.6,2021
TEN,11,5,0,0.688,491,439,52,3.3,-1.7,1.6,4.7,-3.1,2020
TEN,9,7,0,0.563,402,331,71,4.4,-1,3.4,1.8,1.7,2019
TEN,9,7,0,0.563,310,303,7,0.4,-0.2,0.2,-3.2,3.5,2018
TEN,9,7,0,0.563,334,356,-22,-1.4,-2.1,-3.5,-2,-1.5,2017
TEN,9,7,0,0.563,381,378,3,0.2,-1.2,-1,0.7,-1.7,2016
TEN,3,13,0,0.188,299,423,-124,-7.8,-2.8,-10.5,-5.9,-4.6,2015
TEN,2,14,0,0.125,254,438,-184,-11.5,-0.3,-11.8,-7,-4.9,2014
TEN,7,9,0,0.438,362,381,-19,-1.2,0.4,-0.8,-0.2,-0.6,2013
TEN,6,10,0,0.375,330,471,-141,-8.8,-1.2,-10,-2.6,-7.4,2012
TEN,9,7,0,0.563,325,317,8,0.5,-1.5,-1,-2.2,1.2,2011
TEN,6,10,0,0.375,356,339,17,1.1,0,1,-0.9,1.9,2010
TEN,8,8,0,0.5,354,402,-48,-3,0.2,-2.8,0.9,-3.6,2009
TEN,13,3,0,0.813,375,234,141,8.8,0.1,8.9,1.5,7.5,2008
TEN,10,6,0,0.625,301,297,4,0.3,0.5,0.7,-2.9,3.6,2007
TEN,8,8,0,0.5,324,400,-76,-4.8,3.5,-1.3,1,-2.3,2006
TEN,4,12,0,0.25,299,421,-122,-7.6,0.1,-7.6,-2,-5.5,2005
TEN,5,11,0,0.313,344,439,-95,-5.9,1.5,-4.4,0.3,-4.6,2004
TEN,12,4,0,0.75,435,324,111,6.9,-0.5,6.5,7,-0.5,2003
TEN,11,5,0,0.688,367,324,43,2.7,-0.9,1.8,1.6,0.1,2002
WAS,4,13,0,0.235,329,518,-189,-11.1,0,-11.1,-2.8,-8.4,2023
WAS,8,8,1,0.5,321,343,-22,-1.3,0.4,-0.9,-3.5,2.6,2022
WAS,3,13,0,0.188,266,435,-169,-10.6,-0.2,-10.8,-6.3,-4.5,2019
WAS,7,9,0,0.438,281,359,-78,-4.9,-0.1,-4.9,-5.6,0.6,2018
WAS,7,9,0,0.438,342,388,-46,-2.9,1.6,-1.3,0.5,-1.8,2017
WAS,8,7,1,0.531,396,383,13,0.8,1.2,2,3.3,-1.3,2016
WAS,9,7,0,0.563,388,379,9,0.6,-2.5,-1.9,-0.2,-1.8,2015
WAS,4,12,0,0.25,301,438,-137,-8.6,-0.2,-8.7,-4,-4.7,2014
WAS,3,13,0,0.188,334,478,-144,-9,-0.3,-9.3,-3.9,-5.4,2013
WAS,10,6,0,0.625,436,388,48,3,0.4,3.4,4.6,-1.2,2012
WAS,5,11,0,0.313,288,367,-79,-4.9,0.8,-4.1,-4.3,0.2,2011
WAS,6,10,0,0.375,302,377,-75,-4.7,0.9,-3.8,-3.4,-0.5,2010
WAS,4,12,0,0.25,266,336,-70,-4.4,-0.2,-4.6,-5.5,1,2009
WAS,8,8,0,0.5,265,296,-31,-1.9,0.2,-1.8,-5.8,4.1,2008
WAS,9,7,0,0.563,334,310,24,1.5,3,4.5,0.2,4.3,2007
WAS,5,11,0,0.313,307,376,-69,-4.3,0.3,-4,-2.1,-2,2006
WAS,10,6,0,0.625,359,293,66,4.1,1.9,6,2.6,3.4,2005
WAS,6,10,0,0.375,240,265,-25,-1.6,-1.8,-3.4,-7.4,4,2004
WAS,5,11,0,0.313,287,372,-85,-5.3,-0.4,-5.7,-1.9,-3.8,2003
WAS,7,9,0,0.438,307,365,-58,-3.6,-0.8,-4.5,-2.2,-2.2,2002
WAS,7,10,0,0.412,335,434,-99,-5.8,1.6,-4.2,-2.7,-1.5,2021
WAS,7,9,0,0.438,335,329,6,0.4,-1.2,-0.8,-4.1,3.2,2020
